name,ratio,alpha,distance_cutoff
A,0.655697745,6,6
B,0.589960887,,
C,0.738653001,,
D,0.901727862,,
E,0.964735516,,
G,0.639698965,,
H,0.692904656,,
I,0.614596671,,
J,0.68972332,,
K,0.523216308,,
L,0.766369048,,
M,0.76508344,,
N,0.372465315,,
O,0.71,,
P,0.616197183,,
Q,0.717987805,,
R,0.906040268,,
S,0.845414847,,
T,0.659536542,,
V,0.882466281,,
W,0.885583524,,
Z,0.443786982,,
2,0.575,,
3,0.439716312,,
