name,ratio,alpha,dist_cutoff
b,0.879107981,5,6
c,0.852832512,,
d,0.777236762,,
e,0.886064855,,
f,0.878824969,,
g,0.891617273,,
h,0.804902962,,
i,0.836594912,,
j,0.661577608,,
k,0.85730725,,
l,0.726701571,,
m,0.91619479,,
n,0.682102628,,
o,0.81372549,,
p,0.848998459,,
q,0.905864198,,
r,0.779761905,,
s,0.767660911,,
t,0.896240602,,
u,0.985858586,,
z,0.815015218,,
C,0.755523535,,
D,0.772814295,,
E,0.819587629,,
F,0.806382979,,
G,0.928949358,,
H,0.98109811,,
I,0.925387597,,
J,0.801594331,,
K,0.744408946,,
L,0.708133971,,
M,0.847299814,,
N,0.719334719,,
O,0.779147982,,
P,0.851690294,,
Q,0.643083421,,
R,0.846813725,,
S,0.782963827,,
T,0.817073171,,
U,0.913992298,,
V,0.922974768,,
W,0.845217391,,
X,0.9088,,
Y,0.931237721,,
Z,0.971046771,,
0,0.705617978,,
1,0.880195599,,
2,0.851458886,,
3,0.775793651,,
4,0.736842105,,
5,0.860323887,,
6,0.986615679,,
