name,ratio,alpha,dist_cutoff
D,0.82247557,5,6
E,0.767864693,,
F,0.661698957,,
H,0.923469388,,
I,0.816056118,,
J,0.900094251,,
K,0.804272915,,
L,0.788526434,,
M,0.629661752,,
N,0.866384522,,
O,0.717269076,,
P,0.87962963,,
Q,0.845225027,,
R,0.540329575,,
S,0.637889688,,
T,0.85380117,,
U,0.711496746,,
V,0.959381044,,
W,0.791044776,,
X,0.928465713,,
Y,0.845088991,,
Z,0.812883436,,
0,0.851305335,,
1,0.884526559,,
2,0.667553191,,
3,0.583634176,,
4,0.792569659,,
5,0.77578329,,
6,0.850151745,,
7,0.857275255,,
8,0.973684211,,
9,0.864833906,,
a,0.880466472,,
b,0.793718166,,
c,0.896256202,,
d,0.966592428,,
e,0.887060159,,
f,0.751684312,,
g,0.907303371,,
h,0.945586457,,
i,0.698911729,,
j,0.951754386,,
k,0.919083969,,
l,0.981900452,,
m,0.771505376,,
o,0.87076537,,
p,0.97826087,,
q,0.98605948,,
r,0.837209302,,
s,0.763833992,,
t,1,,
AB,0.657433578,,
AC,0.432532348,,
AD,0.864685178,,
AE,0.818930041,,
AF,0.896882494,,
AG,0.848966614,,
AH,0.626626627,,
AI,0.820969337,,
AJ,0.869928401,,
AK,0.570267131,,
AL,0.94211288,,
AM,0.720652174,,
AN,0.821513002,,
AO,0.929365598,,
AP,0.699354839,,
AQ,0.856756757,,
AR,0.833167331,,
AS,0.941458733,,
AT,0.824943651,,
AU,0.957563313,,
AV,0.815321984,,
AW,0.795039164,,
AX,0.737397421,,
AY,0.857768053,,
AZ,0.821621622,,
A0,0.79216152,,
A1,0.816473988,,
A2,0.884324324,,
A3,0.844262295,,
A4,0.943622269,,
