name,ratio,alpha,dist_cutoff
AQ,0.811450382,5,6
AK,0.662313433,,
AI,0.701361868,,
AG,0.840447154,,
AW,0.939330544,,
AC,0.938313914,,
AB,0.823166975,,
AR,0.822269807,,
A9,1,,
AD,0.889121339,,
AN,0.753508772,,
AX,0.841549296,,
AM,0.815737052,,
AE,0.717611336,,
AJ,0.831673307,,
AO,0.841883936,,
AF,0.877039627,,
AS,0.872302158,,
A3,0.853035144,,
AY,0.973105134,,
AT,0.799566631,,
AA,0.841565106,,
AH,0.675691244,,
AP,0.82034632,,
AV,0.888213852,,
AL,0.699513382,,
AU,0.714042553,,
BY,0.759452936,,
BO,0.757670632,,
BC,0.651785714,,
B5,0.814332248,,
BL,0.726169844,,
Bf,0.703370787,,
BU,0.811507937,,
Bb,0.756052142,,
Be,0.618577075,,
BE,0.875083949,,
Ba,0.756032172,,
BT,0.763235294,,
Bk,0.925857843,,
BW,0.904040404,,
Bi,0.713559322,,
BA,0.899224806,,
BI,0.72173913,,
BR,0.518424396,,
BK,0.838762215,,
BQ,0.89410828,,
BV,0.922522523,,
Bj,0.905972046,,
BB,0.600108814,,
BG,0.838125666,,
BD,0.674234946,,
BF,0.887533875,,
Bh,0.913043478,,
BH,0.944331984,,
BZ,0.844827586,,
B6,0.837595908,,
BP,0.779503106,,
BM,0.462695925,,
BS,0.765,,
Bd,0.709459459,,
BN,0.763425254,,
Bg,0.851752022,,
B4,0.898828541,,
Bc,0.696350365,,
BJ,0.720907298,,
Bl,0.784522003,,
