name,ratio,alpha,dist_cutoff
I,0.19525066,6,5
L,0.557009346,,
N,0.453644728,,
O,0.293544458,,
P,0.548903879,,
Q,0,,
R,0.339038305,,
S,0.423740511,,
T,0.368421053,,
U,0.308070866,,
V,0.647945205,,
W,0.428125,,
X,0.342696629,,
Y,0.531791908,,
Z,0.459194777,,
a,0.550113895,,
b,0.191901408,,
c,0.451336898,,
d,0.249034749,,
e,0.229211087,,
f,0.285266458,,
g,0.625239006,,
h,0.577067669,,
i,0.140086207,,
j,0.138888889,,
k,0.507231405,,
l,0.276253548,,
m,0.589167768,,
n,0.041116006,,
o,0.443283582,,
p,0.638888889,,
q,0.131578947,,
r,0.321528054,,
t,0.591623037,,
u,0.422452953,,
v,0.453230473,,
w,0.335428571,,
x,0.390301597,,
