name,ratio,alpha,dist_cutoff
A,0.495798319,6,6
B,0.507716535,,
C,0.653318903,,
D,0.675126904,,
E,0.857988166,,
F,0.531113537,,
G,0.688583815,,
H,0.730719794,,
I,0.615678776,,
J,0.740909091,,
L,0.634178905,,
M,0.784860558,,
N,0.153301887,,
O,0.563181527,,
P,0.639837398,,
Q,0.649829352,,
R,0.663587375,,
S,0.532514451,,
T,0.571314741,,
U,0.769521411,,
V,0.550709939,,
W,0.738791423,,
X,0.600249066,,
Y,0.774344569,,
Z,0.725527831,,
a,0.452926209,,
b,0.506024096,,
c,0.785419532,,
d,0.660280971,,
e,0.626121635,,
f,0.637644046,,
g,0.542888165,,
h,0.742886179,,
i,0.76461039,,
j,0.409090909,,
k,0.881170018,,
l,0.429906542,,
m,0.599520384,,
o,0.812419146,,
p,0.718289086,,
