name,ratio,alpha,surface_ratio
1D,0.478400735,5,6
1E,0.4718398,,
1F,0.636137072,,
1G,0.68641115,,
1H,0.891141141,,
1I,0.949137148,,
1N,0.62300885,,
1O,0.456751055,,
1P,0.518932874,,
1Q,0.417688266,,
1R,0.396954315,,
1S,0.675368899,,
1T,0.718437784,,
1U,0.329243354,,
1V,0.729246488,,
1W,0.637681159,,
1X,0.476439791,,
1Y,0.839066339,,
1Z,0.776527331,,
10,0.540983607,,
11,0.578125,,
12,0.78920742,,
13,0.761506276,,
14,0.927797834,,
15,0.49137931,,
16,0.743478261,,
17,0.231308411,,
18,0.332082552,,
19,0.483870968,,
1b,0.819361817,,
1c,0.708656331,,
1d,0.624024024,,
1e,0.666666667,,
1f,0.880688807,,
1g,0.787337662,,
1h,0.694852941,,
1i,0.664634146,,
1j,0.509167842,,
1k,0.81544029,,
1l,0.668080594,,
1m,0.811458333,,
1n,0.496969697,,
1o,0.618655693,,
1p,0.571847507,,
1q,0.69286578,,
1r,0.751351351,,
1s,0.767228178,,
1t,0.635116598,,
1u,0.23,,
2D,0.463808207,,
2E,0.534722222,,
2F,0.6325,,
2G,0.689993002,,
2H,0.924117205,,
2I,0.941011236,,
2N,0.610366399,,
2O,0.528907923,,
2P,0.506086957,,
2Q,0.49068323,,
2R,0.450051493,,
2S,0.705747126,,
2T,0.713369963,,
2U,0.377202073,,
2V,0.742894057,,
2W,0.644219978,,
2X,0.54353562,,
2Y,0.828182942,,
2Z,0.777864992,,
20,0.586726998,,
21,0.612777053,,
22,0.774193548,,
23,0.704496788,,
24,0.936210131,,
25,0.49137931,,
26,0.807095344,,
27,0.224586288,,
28,0.384761905,,
29,0.533980583,,
2b,0.828493151,,
2c,0.718547341,,
2d,0.622327791,,
2e,0.588028169,,
2f,0.866585067,,
2g,0.789814066,,
2h,0.65625,,
2i,0.653061224,,
2j,0.525,,
2k,0.783913565,,
2l,0.67199148,,
2m,0.813684211,,
2n,0.471659919,,
2o,0.622770919,,
2p,0.552282769,,
2q,0.751815981,,
2r,0.775985663,,
2s,0.769349845,,
2t,0.605191257,,
2u,0.43,,
