name,ratio,alpha,dist_cutoff
A,0.396452541,6,6
B,0.384015595,,
C,0.525856279,,
D,0.680321873,,
E,0.786158631,,
F,0.849223947,,
G,0.496409336,,
H,0.460381143,,
I,0.50203666,,
J,0.309142319,,
K,0.347438753,,
L,0.510911425,,
M,0.605319149,,
N,0.279877426,,
O,0.617918314,,
P,0.523152709,,
Q,0.53030303,,
R,0.758961681,,
S,0.675182482,,
T,0.377019749,,
U,0.568306011,,
V,0.72952381,,
W,0.632075472,,
Z,0.349099099,,
1,0.742388759,,
2,0,,
3,0.114537445,,
